{"OverallQual": 0.8171844179216803, "GrLivArea": 0.7009266525441309, "GarageCars": 0.6806248074360484, "GarageArea": 0.6508875559020071, "TotalBsmtSF": 0.612133975369786, "1stFlrSF": 0.5969810450343734, "FullBath": 0.5947705420075331, "YearBuilt": 0.5865702403842264, "YearRemodAdd": 0.565607832591179, "TotRmsAbvGrd": 0.5344222037231263}