{"MSSubClass": 0.000517047813414723, "LotFrontage": 0.00015944900798914725, "LotArea": 2.1161061259452405e-06, "OverallQual": 0.04144484517027073, "OverallCond": 0.03474354675363305, "YearBuilt": 0.0020364940281914993, "YearRemodAdd": 0.0011018187972248123, "MasVnrArea": 2.844800668459622e-05, "BsmtFinSF1": 4.955689654689724e-05, "BsmtFinSF2": 4.6464325439768525e-05, "BsmtUnfSF": 5.849512079444865e-06, "TotalBsmtSF": 9.017262197935497e-05, "1stFlrSF": 5.309828382271957e-05, "2ndFlrSF": 3.911611191078409e-05, "LowQualFinSF": 8.42446246395066e-05, "GrLivArea": 0.00017645921187755143, "BsmtFullBath": 0.023827505292093522, "BsmtHalfBath": 0.007257586858433151, "FullBath": 0.013971695395127322, "HalfBath": 0.026162656926148272, "BedroomAbvGr": 0.016707419552481166, "KitchenAbvGr": 0.05164274205428083, "TotRmsAbvGrd": 0.0022585662432450656, "Fireplaces": 0.026609073971235395, "GarageYrBlt": 0.0005262687832836839, "GarageCars": 0.01868759504529847, "GarageArea": 0.00016608743193716885, "WoodDeckSF": 9.185969281605422e-05, "OpenPorchSF": 3.0354335984805747e-05, "EnclosedPorch": 9.21184445831641e-05, "3SsnPorch": 0.0002180802693781056, "ScreenPorch": 0.0001889754180658459, "PoolArea": 4.184056929111904e-05, "MiscVal": 1.7580537404193741e-06, "MoSold": 0.0007673681284888142, "YrSold": 0.002350678366664631, "MSZoning_FV": 0.37178877355327233, "MSZoning_RH": 0.3682061136005364, "MSZoning_RL": 0.3424729948416875, "MSZoning_RM": 0.3154353443028646, "Street_Pave": 0.054600017591737986, "LotShape_IR2": 0.03362138252489292, "LotShape_IR3": 0.031157903992790552, "LotShape_Reg": 0.005458152500233866, "LandContour_HLS": 0.04154740786582589, "LandContour_Low": 0.003125196525440976, "LandContour_Lvl": 0.02885943182420477, "Utilities_NoSeWa": 0.21620193938864488, "LotConfig_CulDSac": 0.03003435607859693, "LotConfig_FR2": 0.04366211942489617, "LotConfig_FR3": 0.14630649464444304, "LotConfig_Inside": 0.01300458076383075, "LandSlope_Mod": 0.00275966276385218, "LandSlope_Sev": 0.1439626078955404, "Neighborhood_Blueste": 0.13292946739094677, "Neighborhood_BrDale": 0.10310627933744378, "Neighborhood_BrkSide": 0.020704214995881227, "Neighborhood_ClearCr": 0.0005854438217147378, "Neighborhood_CollgCr": 0.04023883697367421, "Neighborhood_Crawfor": 0.08643860418721601, "Neighborhood_Edwards": 0.08930650672703999, "Neighborhood_Gilbert": 0.03490603091877294, "Neighborhood_IDOTRR": 0.08556197735233934, "Neighborhood_MeadowV": 0.22138992856353049, "Neighborhood_Mitchel": 0.06831188564900605, "Neighborhood_NAmes": 0.05929628414906147, "Neighborhood_NPkVill": 0.013766615398338455, "Neighborhood_NWAmes": 0.06770163299280299, "Neighborhood_NoRidge": 0.0059117196698753776, "Neighborhood_NridgHt": 0.05160532553258111, "Neighborhood_OldTown": 0.060907346669317755, "Neighborhood_SWISU": 0.008520383068020772, "Neighborhood_Sawyer": 0.050216304589383594, "Neighborhood_SawyerW": 0.05061152811484036, "Neighborhood_Somerst": 0.0053854892778739194, "Neighborhood_StoneBr": 0.12398502720046606, "Neighborhood_Timber": 0.0065805364043874034, "Neighborhood_Veenker": 0.050435878333104305, "Condition1_Feedr": 0.04473251674861105, "Condition1_Norm": 0.08540822613410472, "Condition1_PosA": 0.03373797057853074, "Condition1_PosN": 0.09773879077820913, "Condition1_RRAe": 0.022438931824851998, "Condition1_RRAn": 0.056991457956253606, "Condition1_RRNe": 0.11042422296648667, "Condition1_RRNn": 0.06936636967778488, "Condition2_Feedr": 0.31133711049317625, "Condition2_Norm": 0.09782128276750157, "Condition2_PosA": 0.29638745607371053, "Condition2_PosN": 0.807183181706637, "Condition2_RRAe": 0.3328797609089584, "Condition2_RRAn": 0.060949897923365186, "Condition2_RRNn": 0.10262878387889349, "BldgType_2fmCon": 0.08689491609873377, "BldgType_Duplex": 0.04847052676791692, "BldgType_Twnhs": 0.035272526268418605, "BldgType_TwnhsE": 0.0036762795698961, "HouseStyle_1.5Unf": 0.021544122167251357, "HouseStyle_1Story": 0.035727770709078566, "HouseStyle_2.5Fin": 0.07996522829150354, "HouseStyle_2.5Unf": 0.03694060578191313, "HouseStyle_2Story": 0.026100183304434955, "HouseStyle_SFoyer": 0.016056089158139, "HouseStyle_SLvl": 0.006118256677658657, "RoofStyle_Gable": 0.09409916785023081, "RoofStyle_Gambrel": 0.06141941760001171, "RoofStyle_Hip": 0.1000548298654564, "RoofStyle_Mansard": 0.012780398147141011, "RoofStyle_Shed": 0.24411699767861242, "RoofMatl_CompShg": 2.634184030571489, "RoofMatl_Membran": 2.4424906541753444e-15, "RoofMatl_Metal": 2.747707025562645, "RoofMatl_Roll": 2.7315384009800536, "RoofMatl_Tar&Grv": 2.6243490578297615, "RoofMatl_WdShake": 2.6353418276924785, "RoofMatl_WdShngl": 2.646406556091762, "Exterior1st_AsphShn": 0.051620888489611404, "Exterior1st_BrkComm": 0.25249393708333184, "Exterior1st_BrkFace": 0.027863431654778475, "Exterior1st_CBlock": 0.008235727041578619, "Exterior1st_CemntBd": 0.10985411434144764, "Exterior1st_HdBoard": 0.07359187846333341, "Exterior1st_ImStucc": 0.06399154577859303, "Exterior1st_MetalSd": 0.01890458693799469, "Exterior1st_Plywood": 0.06990954530866313, "Exterior1st_Stone": 0.01305214414785617, "Exterior1st_Stucco": 0.05586677225363797, "Exterior1st_VinylSd": 0.05076187569472421, "Exterior1st_Wd Sdng": 0.09445479320469435, "Exterior1st_WdShing": 0.11622348416248418, "Exterior2nd_AsphShn": 0.04845531925937212, "Exterior2nd_Brk Cmn": 0.046613242153361795, "Exterior2nd_BrkFace": 0.03515872324798683, "Exterior2nd_CBlock": 0.00823572704148153, "Exterior2nd_CmentBd": 0.15229834771009143, "Exterior2nd_HdBoard": 0.07721192087793566, "Exterior2nd_ImStucc": 0.09838088018957418, "Exterior2nd_MetalSd": 0.04433436290271604, "Exterior2nd_Other": 0.06796894287453191, "Exterior2nd_Plywood": 0.06676590241349059, "Exterior2nd_Stone": 0.026283368052885163, "Exterior2nd_Stucco": 0.10138290519979563, "Exterior2nd_VinylSd": 0.06221266222163828, "Exterior2nd_Wd Sdng": 0.1081853733167326, "Exterior2nd_Wd Shng": 0.0782708906325422, "ExterQual_Fa": 0.06201190702172166, "ExterQual_Gd": 0.016389583653856035, "ExterQual_TA": 0.009094638687120042, "ExterCond_Fa": 0.07226115937678501, "ExterCond_Gd": 0.06103985145583126, "ExterCond_Po": 0.09974303483419943, "ExterCond_TA": 0.0371374898402804, "Foundation_CBlock": 0.0121756812807431, "Foundation_PConc": 0.03508826791708313, "Foundation_Slab": 0.0350987418398994, "Foundation_Stone": 0.04082884006417977, "Foundation_Wood": 0.13824469156841726, "BsmtQual_Fa": 0.02846509228336263, "BsmtQual_Gd": 0.041698828577872674, "BsmtQual_TA": 0.04964524835405951, "BsmtCond_Gd": 0.04584803796414103, "BsmtCond_Po": 0.2748153013502445, "BsmtCond_TA": 0.05800069670963118, "BsmtExposure_Gd": 0.03276343171091335, "BsmtExposure_Mn": 0.011778529648440771, "BsmtExposure_No": 0.014206088012583974, "BsmtFinType1_BLQ": 0.010762120360896908, "BsmtFinType1_GLQ": 0.011840500924033898, "BsmtFinType1_LwQ": 0.019068783448967702, "BsmtFinType1_Rec": 0.011162420453368209, "BsmtFinType1_Unf": 0.013753027579035045, "BsmtFinType2_BLQ": 0.05257247811494739, "BsmtFinType2_GLQ": 0.02864684788346613, "BsmtFinType2_LwQ": 0.016802910482502407, "BsmtFinType2_Rec": 0.004797494765777167, "BsmtFinType2_Unf": 0.0068124694677095575, "Heating_GasA": 0.07990048842162827, "Heating_GasW": 0.12329714710220101, "Heating_Grav": 0.18054899461102963, "Heating_OthW": 0.09105101966574035, "Heating_Wall": 0.22484435103496322, "HeatingQC_Fa": 0.0011133841373039636, "HeatingQC_Gd": 0.025657513777975545, "HeatingQC_Po": 0.08313848580168938, "HeatingQC_TA": 0.02545465261704386, "CentralAir_Y": 0.06998471639005763, "Electrical_FuseF": 0.006699143912992889, "Electrical_FuseP": 0.112738639586218, "Electrical_Mix": 3.608224830031759e-16, "Electrical_SBrkr": 0.01940549201324101, "KitchenQual_Fa": 0.02864067754144977, "KitchenQual_Gd": 0.05702496187785519, "KitchenQual_TA": 0.05698364520938241, "Functional_Maj2": 0.25922452785327305, "Functional_Min1": 0.019884625962336012, "Functional_Min2": 0.012555570689498252, "Functional_Mod": 0.06190584262739461, "Functional_Sev": 0.4484131036825287,