{"Linear Regression": {"R2": 0.7655671398744168, "MAE": 0.09770322253471125, "RMSE": 0.2091610403993815, "CV_R2": 0.0}}